{"bands": 25, "N": 6000, "B": 256, "how_many": 25, "means": [5.723664377923307, 4.155039562756885, -0.33457774385500433, 2.6190834897229824, 3.3199591777255355], "stds": [2.362675513313032, 1.239272641857295, 0.622120617897775, 2.5822337135881765, 0.18003787270137997], "type": "<class 'pystellibs.bosz.Bosz'>"}